Gate_ID,Location_X,Location_Y,Capacity_PPM
G1,533.1638337359982,784.3010958729776,91
G2,111.53987386668547,444.43189846312094,91
G3,177.27662218561198,16.273130509779943,231
G4,276.99663355450974,83.93671512426417,116
G5,190.42016375512887,386.606671977196,195
G6,61.66014547727148,470.0000494404852,106
