Gate_ID,Location_X,Location_Y,Capacity_PPM
G1,452.70457781254936,139.62526973532397,229
G2,495.8753214431973,847.4787573999179,326
G3,671.9016982218832,730.5810022244502,221
G4,254.31302148768953,879.1377494452378,241
