Gate_ID,Location_X,Location_Y,Capacity_PPM
G1,509.05345084229765,287.58832994341435,236
G2,1372.5707760639775,1429.511109196425,223
G3,1207.9360160274816,352.00232894041125,277
G4,167.6160160618028,352.9629633915675,173
G5,446.3701799143114,561.81746996227,190
G6,377.8795070430501,904.4997163011989,259
G7,746.3392741170254,924.1133859116013,249
G8,583.2765280228866,551.1755576725735,217
